"id","name"
41,"Bob Odenkirk"
42,"Rhea Seehorn"
43,"Timoth√©e Chalamet"
44,"Armie Hammer"
45,"Park Shin-hye"
46,"Jeon Jong-seo"
47,"Zachary Quinto"
48,"Stanley Tucci"
49,"Melissa McCarthy"
50,"Kristen Wiig"
51,"Troian Bellisario"
52,"Brandon Larracuente"
53,"Ananya Panday"
54,"Gurfateh Pirzada"
55,"Dwayne Johnson"
56,"Chris Evans"
57,"Mayumi Tanaka"
58,"Akemi Okamura"
59,"Angela Bassett"
60,"Peter Krause"
61,"Chris Hemsworth"
62,"Brian Tyree Henry"
63,"Rob Lowe"
64,"Ronen Rubinstein"
65,"Leo Woodall"
66,"Ambika Mod"
67,"Sharon Horgan"
68,"Sarah Greene"
69,"Bryan Cranston"
70,"Aaron Paul"
71,"Vince Vaughn"
72,"L. Scott Caldwell"
73,"Will Smith"
74,"Martin Lawrence"
75,"Billy Bob Thornton"
76,"Bernie Mac"
77,"Liam Hemsworth"
78,"Russell Crowe"
79,"Alyshia Ochse"
80,"Devon Werkheiser"
81,"Joel Kinnaman"
82,"Michael Dorman"
83,"Tom Hanks"
84,"Robin Wright"
85,"Matt Damon"
86,"Christian Bale"
87,"Kristen Bell"
88,"Jason Segel"
89,"Roger Moore"
90,"Carole Bouquet"
91,"Eric Bana"
92,"Anna Torv"
93,"Walter Pidgeon"
94,"Anne Francis"
95,"Robin Williams"
96,"Freddie Highmore"
97,"Richard Schiff"
98,"David Tennant"
99,"Michael Sheen"
100,"William Jackson Harper"
101,"Christina Hendricks"
102,"Retta"
103,"Julianna Margulies"
104,"Chris Noth"
105,"Lily Collias"
106,"Sumaya Bouhbal"
107,"Clint Eastwood"
108,"Eli Wallach"
109,"Colin Farrell"
110,"Cristin Milioti"
111,"Eddie Redmayne"
112,"Lashana Lynch"
113,"Demi Moore"
114,"Margaret Qualley"
115,"Keri Russell"
116,"Rufus Sewell"
117,"Britt Robertson"
118,"Chad Michael Murray"
119,"Manuel Garcia-Rulfo"
120,"Becki Newton"
121,"James Gandolfini"
122,"Lorraine Bracco"
123,"Lupita Nyong'o"
124,"Pedro Pascal"
