"id","rating"
105,"PG"
106,"PG-13"
107,"R"
108,"NC-17"
117,"PG-13"
118,"PG-13"
119,"PG-13"
120,"PG-13"
121,"PG-13"
122,"PG-13"
123,"PG-13"
124,"PG-13"
57,"PG-13"
58,"PG-13"
59,"PG-13"
60,"PG-13"
125,"PG-13"
126,"PG-13"
127,"PG-13"
128,"PG-13"
129,"PG-13"
130,"PG-13"
69,"PG-13"
70,"PG-13"
71,"PG-13"
72,"PG-13"
73,"PG-13"
74,"PG-13"
75,"PG-13"
76,"PG-13"
77,"PG-13"
78,"PG-13"
79,"PG-13"
80,"PG-13"
139,"PG-13"
140,"PG-13"
141,"PG-13"
142,"PG-13"
143,"PG-13"
144,"PG-13"
145,"PG-13"
146,"PG-13"
147,"PG-13"
148,"PG-13"
149,"PG-13"
150,"PG-13"
151,"PG-13"
152,"PG-13"
153,"PG-13"
154,"PG-13"
155,"PG-13"
156,"PG-13"
157,"PG-13"
158,"PG-13"
159,"PG-13"
160,"PG-13"
161,"PG-13"
162,"PG-13"
163,"PG-13"
164,"PG-13"
165,"PG-13"
166,"PG-13"
167,"PG-13"
168,"PG-13"
169,"PG-13"
170,"PG-13"
171,"PG-13"
172,"PG-13"
173,"PG-13"
174,"PG-13"
175,"PG-13"
176,"PG-13"
177,"PG-13"
178,"PG-13"
